Title,Description,Price
Maruthi Swift car body cover,Maruthi Swift car body cover,"₹ 1,000"
Car Body Cover WagonR,Car Body Cover WagonR,"₹ 1,600"
Alto Car Body Cover (Maruti Genuine),Alto Car Body Cover (Maruti Genuine),"₹ 1,200"
Hyundai i10 car body cover,Hyundai i10 car body cover,"₹ 1,000"
MG Astor original Car body Cover,MG Astor original Car body Cover,"₹ 1,400"
Car body cover,Car body cover,"₹ 2,000"
Maruti Dzire car full body cover,Maruti Dzire car full body cover,₹ 600
Waterproof Car Body Cover for Mahindra Xuv 300,Waterproof Car Body Cover for Mahindra Xuv 300,₹ 800
"Ertiga car, waterproof body cover","Ertiga car, waterproof body cover","₹ 1,500"
Car body cover military design blr,Car body cover military design blr,"₹ 2,500"
